Workbook

Sheet Moviments
D1: Parts | E1: PU | F1: Brut | H1: Saldo Parts | I1: Venudes | J1: En cartera | K1: PiG venudes | L1: PiG cartera | M1: Pîg Total
A2: 173 | B2: Traspàs C | C2: 43525 | D2: 1778.69 | E2: 17.05 | F2: =D2*E2 -> 30326.665 | H2: =D2 -> 1778.69 | I2: =SUM(D3:D8)+D11 -> 1642.08 | J2: =D2-I2 -> 136.61 | K2: =(SUM(F3:F8)+F11)-I2*E2 -> 28023.202 | L2: =(E12-E2)*J2 -> 4027.2628 | M2: =K2+L2 -> 32050.465
A3: 198 | B3: Traspàs V | C3: 44470 | D3: 287.03 | E3: 34.77 | F3: =D3*E3 -> 9980.0331 | H3: =H2-D3 -> 1491.66
A4: 200 | B4: Traspàs V | C4: 44473 | D4: 287.03 | E4: 34.27 | F4: =D4*E4 -> 9836.5181 | H4: =H3-D4 -> 1204.63
A5: 216 | B5: Traspàs V | C5: 44720 | D5: 296.82 | E5: 33.91 | F5: =D5*E5 -> 10065.166 | H5: =H4-D5 -> 907.81
A6: 1227 | B6: Traspàs V | C6: 44831 | D6: 308.74 | E6: 32.26 | F6: =D6*E6 -> 9959.9524 | H6: =H5-D6 -> 599.07
A7: 1247 | B7: Traspàs V | C7: 45028 | D7: 172.46 | E7: 34.47 | F7: =D7*E7 -> 5944.6962 | H7: =H6-D7 -> 426.61
A8: 1251 | B8: Venda | C8: 45054 | D8: 270 | E8: 34.29 | F8: =D8*E8 -> 9258.3 | H8: =H7-D8 -> 156.61
A9: 1273 | B9: Traspàs C | C9: 45356 | D9: 266.59 | E9: 44.9208 | F9: =D9*E9 -> 11975.436 | H9: =H8+D9 -> 423.2 | J9: =D9 -> 266.59 | K9: 0 | L9: =(E$12-E9)*D9 -> 428.99663 | M9: =K9+L9 -> 428.99663
A10: 1275 | B10: Traspàs C | C10: 45478 | D10: 301.27 | E10: 49.4401 | F10: =D10*E10 -> 14894.819 | H10: =H9+D10 -> 724.47 | J10: =D10 -> 301.27 | K10: 0 | L10: =(E$12-E10)*D10 -> -876.72583 | M10: =K10+L10 -> -876.72583
A11: 1279 | B11: Traspàs V | C11: 45495 | D11: 20 | E11: 48.8 | F11: =D11*E11 -> 976 | H11: =H10-D11 -> 704.47
B12: En cartera | D12: =H11 -> 704.47 | E12: 46.53 | F12: =D12*E12 -> 32778.989 | J12: =SUM(J2:J11) -> 704.47
J13: Totals ---> | K13: =SUM(K2:K12) -> 28023.202 | L13: =SUM(L2:L12) -> 3579.5336 | M13: =SUM(M2:M12) -> 31602.736

Sheet Orig
B1: Id Orig | C1: Id | D1: Fons Orig | E1: Data Orig Compra | F1: Data Compra | G1: Parts | H1: Parts Util | I1: Parts Orig | J1: Parts Orig Ut | K1: Parts en cartera | L1: Parts orig en cartera | M1: Import orig en cartera | N1: PiG Orig en cartera | O1: PU | P1: PU Orig | Q1: Import Orig | R1: Pig Origen venudes
A2: CT | B2: 15 | C2: 173 | D2: Bolsa Tecnología y Telecomunicaciones FI | E2: 36841 | F2: 43525 | G2: 544.952 | H2: =SUM(H3:H4) -> 544.952 | I2: 679.6401 | J2: 679.6401 | K2: =G2-H2 -> 0 | L2: =I2/G2*K2 -> 0 | M2: =L2*P2 -> 0 | N2: =K2*O$19-M2 -> 0 | O2: 17.05 | P2: 22.99204 | Q2: =P2*J2 -> 15626.312 | R2: =SUM(Q3:Q4)-Q2 -> 3192.7077
A3: VT | C3: 198 | E3: 44470 | G3: 287.03 | H3: =G3 -> 287.03 | O3: =Moviments!E3 -> 34.77 | Q3: =H3*O3 -> 9980.0331
A4: VT | C4: 200 | E4: 44473 | G4: 287.03 | H4: =G2-H3 -> 257.922 | O4: =Moviments!E4 -> 34.27 | Q4: =H4*O4 -> 8838.9869
B5: 16 | C5: 173 | D5: Total Return N Acc €-H1 | E5: 41166 | F5: 43525 | G5: 1065.5911 | H5: =SUM(H6:H10) -> 1065.5911 | I5: 547.6451 | J5: =I5 -> 547.6451 | K5: =G5-H5 -> 0 | L5: =I5/G5*K5 -> 0 | M5: =L5*P5 -> 0 | N5: =K5*O$19-M5 -> 0 | O5: 17.05 | P5: 18.26 | Q5: =P5*J5 -> 9999.9995 | R5: =SUM(Q6:Q10)-Q5 -> 25830.046
A6: VT | C6: 200 | F6: 44473 | G6: 287.03 | H6: =G6-H4 -> 29.108 | O6: =Moviments!E4 -> 34.27 | Q6: =H6*O6 -> 997.53116
A7: VT | C7: 216 | F7: 44720 | G7: 296.82 | H7: =G7 -> 296.82 | O7: =Moviments!E5 -> 33.91 | Q7: =H7*O7 -> 10065.166
A8: VT | C8: 1227 | F8: 44831 | G8: 308.74 | H8: =G8 -> 308.74 | O8: =Moviments!E6 -> 32.26 | Q8: =H8*O8 -> 9959.9524
A9: VT | C9: 1247 | F9: 45028 | G9: 172.46 | H9: =G9 -> 172.46 | O9: =Moviments!E7 -> 34.47 | Q9: =H9*O9 -> 5944.6962
A10: V | C10: 1251 | F10: 45054 | G10: 270 | H10: =G5-SUM(H6:H9) -> 258.4631 | O10: =Moviments!E8 -> 34.29 | Q10: =H10*O10 -> 8862.6997
A11: CT | B11: 17 | C11: 173 | D11: Total Return N Acc €-H1 | E11: 41377 | F11: 43525 | G11: 168.147 | H11: =H12 -> 11.5369 | I11: 86.4482 | J11: =I11/G11*H11 -> 5.9313829 | K11: =G11-H11 -> 156.6101 | L11: =I11/G11*K11 -> 80.516817 | M11: =L11*P11 -> 1593.4277 | N11: =K11*O$19-M11 -> 5693.6403 | O11: 17.05 | P11: 19.789998 | Q11: =P11*J11 -> 117.38206 | R11: =Q12-Q11 -> 278.21824
A12: V | C12: 1251 | F12: 45054 | G12: 270 | H12: =G12-H10 -> 11.5369 | O12: =Moviments!E8 -> 34.29 | Q12: =H12*O12 -> 395.6003
A13: CT | B13: 16 | C13: 1275 | D13: Total Return N Acc €-H1 | E13: 41166 | F13: 45478 | G13: 97.849 | H13: =H14 -> 20 | I13: 88.6333 | J13: =I13/G13*H13 -> 18.116343 | K13: =G13-H13 -> 77.849 | L13: =I13/G13*K13 -> 70.516957 | M13: =L13*P13 -> 1287.6396 | N13: =K13*O$19-M13 -> 2334.6743 | O13: 49.4401 | P13: 18.26 | Q13: =P13*J13 -> 330.80441 | R13: =Q14-Q13 -> 645.19559
A14: VT | C14: 1279 | F14: 45495 | G14: 20 | H14: =G14 -> 20 | O14: =Moviments!E11 -> 48.8 | Q14: =H14*O14 -> 976
A15: CT | B15: 17 | C15: 1273 | D15: Total Return N Acc €-H1 | E15: 41377 | F15: 45356 | G15: 238.367 | H15: 0 | I15: 264.6467 | J15: =I15/G15*H15 -> 0 | K15: =G15-H15 -> 238.367 | L15: =I15/G15*K15 -> 264.6467 | M15: =L15*P15 -> 5237.3578 | N15: =K15*O$19-M15 -> 5853.8588 | O15: =Moviments!E9 -> 44.9208 | P15: 19.789998 | Q15: =P15*J15 -> 0 | R15: 0
A16: CT | B16: 27 | C16: 1273 | D16: Optimal Income A-H Grs Acc Hdg EUR | E16: 41521 | F16: 45356 | G16: 28.223 | H16: 0 | I16: 45.4774 | J16: =I16/G16*H16 -> 0 | K16: =G16-H16 -> 28.223 | L16: =I16/G16*K16 -> 45.4774 | M16: =L16*P16 -> 777.3571 | N16: =K16*O$19-M16 -> 535.85909 | O16: =Moviments!E9 -> 44.9208 | P16: 17.093262 | Q16: =P16*J16 -> 0 | R16: 0
A17: CT | B17: 1253 | C17: 1275 | D17: Pictet-short-term Money Market Chf R | E17: 45061 | F17: 45478 | G17: 20.558 | H17: 0 | I17: 8.4096 | J17: =I17/G17*H17 -> 0 | K17: =G17-H17 -> 20.558 | L17: =I17/G17*K17 -> 8.4096 | M17: =L17*P17 -> 1000.0261 | N17: =K17*O$19-M17 -> -43.462389 | O17: =Moviments!E10 -> 49.4401 | P17: 118.91483 | Q17: =P17*J17 -> 0 | R17: 0
A18: CT | B18: 1254 | C18: 1275 | D18: Pictet-short-term Money Market Chf R | E18: 45069 | F18: 45478 | G18: 182.863 | H18: 0 | I18: 74.8017 | J18: =I18/G18*H18 -> 0 | K18: =G18-H18 -> 182.863 | L18: =I18/G18*K18 -> 74.8017 | M18: =L18*P18 -> 8999.994 | N18: =K18*O$19-M18 -> -491.3786 | O18: =Moviments!E10 -> 49.4401 | P18: 120.31804 | Q18: =P18*J18 -> 0 | R18: 0
J19: En cartera | K19: =SUM(K2:K18) -> 704.4701 | M19: =SUM(M2:M18) -> 18895.802 | N19: =SUM(N2:N18) -> 13883.191 | O19: =Moviments!E12 -> 46.53 | R19: =SUM(R2:R18) -> 29946.168
D21: Venda 1251 | L21: Compra 173
C22: Id Or | D22: Parts comp orig | E22: Imp comp Orig | L22: PiG vendes | M22: =SUM(R2:R11) -> 29300.972
C23: 16 | D23: =I5/G5*H10 -> 132.83336 | E23: =D23*P5 -> 2425.5372 | L23: PiG Cartera | M23: =SUM(N2:N11) -> 5693.6403
C24: 17 | D24: =I11/G11*H12 -> 5.9313829 | E24: =D24*P11 -> 117.38206 | L24: Total | M24: =SUM(M22:M23) -> 34994.612
E25: =SUM(E23:E24) -> 2542.9193
D27: Parts venudes | E27: Imp venda
D28: =Moviments!D8 -> 270 | E28: =D28*O$10 -> 9258.3
E29: PiG
E30: =E28-E25 -> 6715.3807

Sheet Orig Vendes Reals
B1: Id Orig | C1: Id | D1: Fons Orig | E1: Data Orig Compra | F1: Data Compra | G1: Parts | H1: Parts Util | I1: Parts Orig | J1: Parts Orig Ut | K1: Parts en cartera | L1: Parts orig en cartera | M1: Import orig en cartera | N1: PiG Orig en cartera | O1: PU | P1: PU Orig | Q1: Import Orig venda real | R1: Pig Origen venda real
A2: CT | B2: 15 | C2: 173 | D2: Bolsa Tecnología y Telecomunicaciones FI | E2: 36841 | F2: 43525 | G2: 544.952 | H2: =SUM(H3:H4) -> 544.952 | I2: 679.6401 | J2: 0 | K2: =G2-H2 -> 0 | L2: =I2/G2*K2 -> 0 | M2: =L2*P2 -> 0 | N2: =K2*O$19-M2 -> 0 | O2: 17.05 | P2: 22.99204 | Q2: =P2*J2 -> 0 | R2: =SUM(Q3:Q4)-Q2 -> 0
A3: VT | C3: 198 | E3: 44470 | G3: 287.03 | H3: =G3 -> 287.03 | O3: =Moviments!E3 -> 34.77
A4: VT | C4: 200 | E4: 44473 | G4: 287.03 | H4: =G2-H3 -> 257.922 | O4: =Moviments!E4 -> 34.27
B5: 16 | C5: 173 | D5: Total Return N Acc €-H1 | E5: 41166 | F5: 43525 | G5: 1065.5911 | H5: =SUM(H6:H10) -> 1065.5911 | I5: 547.6451 | J5: =SUM(J6:J10) -> 132.83336 | K5: =G5-H5 -> 0 | L5: =I5/G5*K5 -> 0 | M5: =L5*P5 -> 0 | N5: =K5*O$19-M5 -> 0 | O5: 17.05 | P5: 18.26 | Q5: =P5*J5 -> 2425.5372 | R5: =SUM(Q6:Q10)-Q5 -> 6437.1625
A6: VT | C6: 200 | F6: 44473 | G6: 287.03 | H6: =G6-H4 -> 29.108 | O6: =Moviments!E4 -> 34.27
A7: VT | C7: 216 | F7: 44720 | G7: 296.82 | H7: =G7 -> 296.82 | O7: =Moviments!E5 -> 33.91
A8: VT | C8: 1227 | F8: 44831 | G8: 308.74 | H8: =G8 -> 308.74 | O8: =Moviments!E6 -> 32.26
A9: VT | C9: 1247 | F9: 45028 | G9: 172.46 | H9: =G9 -> 172.46 | O9: =Moviments!E7 -> 34.47
A10: V | C10: 1251 | F10: 45054 | G10: 270 | H10: =G5-SUM(H6:H9) -> 258.4631 | J10: =I$5/G$5*H10 -> 132.83336 | O10: =Moviments!E8 -> 34.29 | Q10: =H10*O10 -> 8862.6997
A11: CT | B11: 17 | C11: 173 | D11: Total Return N Acc €-H1 | E11: 41377 | F11: 43525 | G11: 168.147 | H11: =H12 -> 11.5369 | I11: 86.4482 | J11: =J12 -> 5.9313829 | K11: =G11-H11 -> 156.6101 | L11: =I11/G11*K11 -> 80.516817 | M11: =L11*P11 -> 1593.4277 | N11: =K11*O$19-M11 -> 5693.6403 | O11: 17.05 | P11: 19.789998 | Q11: =P11*J11 -> 117.38206 | R11: =Q12-Q11 -> 278.21824
A12: V | C12: 1251 | F12: 45054 | G12: 270 | H12: =G12-H10 -> 11.5369 | J12: =I11/G11*H12 -> 5.9313829 | O12: =Moviments!E8 -> 34.29 | Q12: =H12*O12 -> 395.6003
A13: CT | B13: 16 | C13: 1275 | D13: Total Return N Acc €-H1 | E13: 41166 | F13: 45478 | G13: 97.849 | H13: =H14 -> 20 | I13: 88.6333 | J13: =J14 -> 0 | K13: =G13-H13 -> 77.849 | L13: =I13/G13*K13 -> 70.516957 | M13: =L13*P13 -> 1287.6396 | N13: =K13*O$19-M13 -> 2334.6743 | O13: 49.4401 | P13: 18.26 | Q13: =P13*J13 -> 0 | R13: =Q14-Q13 -> 0
A14: VT | C14: 1279 | F14: 45495 | G14: 20 | H14: =G14 -> 20 | O14: =Moviments!E11 -> 48.8
A15: CT | B15: 17 | C15: 1273 | D15: Total Return N Acc €-H1 | E15: 41377 | F15: 45356 | G15: 238.367 | H15: 0 | I15: 264.6467 | J15: =I15/G15*H15 -> 0 | K15: =G15-H15 -> 238.367 | L15: =I15/G15*K15 -> 264.6467 | M15: =L15*P15 -> 5237.3578 | N15: =K15*O$19-M15 -> 5853.8588 | O15: =Moviments!E9 -> 44.9208 | P15: 19.789998 | Q15: =P15*J15 -> 0 | R15: 0
A16: CT | B16: 27 | C16: 1273 | D16: Optimal Income A-H Grs Acc Hdg EUR | E16: 41521 | F16: 45356 | G16: 28.223 | H16: 0 | I16: 45.4774 | J16: =I16/G16*H16 -> 0 | K16: =G16-H16 -> 28.223 | L16: =I16/G16*K16 -> 45.4774 | M16: =L16*P16 -> 777.3571 | N16: =K16*O$19-M16 -> 535.85909 | O16: =Moviments!E9 -> 44.9208 | P16: 17.093262 | Q16: =P16*J16 -> 0 | R16: 0
A17: CT | B17: 1253 | C17: 1275 | D17: Pictet-short-term Money Market Chf R | E17: 45061 | F17: 45478 | G17: 20.558 | H17: 0 | I17: 8.4096 | J17: =I17/G17*H17 -> 0 | K17: =G17-H17 -> 20.558 | L17: =I17/G17*K17 -> 8.4096 | M17: =L17*P17 -> 1000.0261 | N17: =K17*O$19-M17 -> -43.462389 | O17: =Moviments!E10 -> 49.4401 | P17: 118.91483 | Q17: =P17*J17 -> 0 | R17: 0
A18: CT | B18: 1254 | C18: 1275 | D18: Pictet-short-term Money Market Chf R | E18: 45069 | F18: 45478 | G18: 182.863 | H18: 0 | I18: 74.8017 | J18: =I18/G18*H18 -> 0 | K18: =G18-H18 -> 182.863 | L18: =I18/G18*K18 -> 74.8017 | M18: =L18*P18 -> 8999.994 | N18: =K18*O$19-M18 -> -491.3786 | O18: =Moviments!E10 -> 49.4401 | P18: 120.31804 | Q18: =P18*J18 -> 0 | R18: 0
J19: En cartera | K19: =SUM(K2:K18) -> 704.4701 | M19: =SUM(M2:M18) -> 18895.802 | N19: =SUM(N2:N18) -> 13883.191 | O19: =Moviments!E12 -> 46.53 | R19: =SUM(R2:R18) -> 6715.3807
D21: Venda 1251 | L21: Compra 173
C22: Id Or | D22: Parts comp orig | E22: Imp comp Orig | L22: PiG vend R | M22: =SUM(R2:R11) -> 6715.3807
C23: 16 | D23: =I5/G5*H10 -> 132.83336 | E23: =D23*P5 -> 2425.5372 | L23: PiG Cartera | M23: =SUM(N2:N11) -> 5693.6403
C24: 17 | D24: =I11/G11*H12 -> 5.9313829 | E24: =D24*P11 -> 117.38206 | L24: Total | M24: =SUM(M22:M23) -> 12409.021
E25: =SUM(E23:E24) -> 2542.9193
